[
  {"company_name":"Bluewater Recycling Assoc","normalized_name":"bluewater_recycling_assoc","website":"https://www.bra.org"},
  {"company_name":"Bowen Island","normalized_name":"bowen_island","website":"https://bowenislandmunicipality.ca"},
  {"company_name":"Brantford","normalized_name":"brantford","website":"https://www.brantford.ca"},
  {"company_name":"Brockville","normalized_name":"brockville","website":"https://brockville.com"},
  {"company_name":"City of Greater Sudbury","normalized_name":"city_of_greater_sudbury","website":"https://www.greatersudbury.ca"},
  {"company_name":"City of Montreal","normalized_name":"city_of_montreal","website":"https://montreal.ca"},
  {"company_name":"City of St. John's","normalized_name":"city_of_st_john_s","website":"https://www.stjohns.ca"},
  {"company_name":"Cornwall","normalized_name":"cornwall","website":"https://www.cornwall.ca"},
  {"company_name":"Dufferin","normalized_name":"dufferin","website":"https://dufferincounty.ca"},
  {"company_name":"Durham","normalized_name":"durham","website":"https://www.durham.ca"},
  {"company_name":"ECCC","normalized_name":"eccc","website":"https://www.canada.ca"},
  {"company_name":"Edmonton","normalized_name":"edmonton","website":"https://www.edmonton.ca"},
  {"company_name":"EWSWA","normalized_name":"ewswa","website":"https://www.ewswa.org"},
  {"company_name":"Gananoque","normalized_name":"gananoque","website":"https://www.gananoque.ca"},
  {"company_name":"Guelph","normalized_name":"guelph","website":"https://guelph.ca"},
  {"company_name":"Haldimand","normalized_name":"haldimand","website":"https://www.haldimandcounty.ca"},
  {"company_name":"Halton","normalized_name":"halton","website":"https://www.halton.ca"},
  {"company_name":"Kingston","normalized_name":"kingston","website":"https://www.cityofkingston.ca"},
  {"company_name":"London","normalized_name":"london","website":"https://london.ca"},
  {"company_name":"Netherlands Government","normalized_name":"netherlands_government","website":"https://www.netherlandsandyou.nl"},
  {"company_name":"Newmarket","normalized_name":"newmarket","website":"https://www.newmarket.ca"},
  {"company_name":"Niagara","normalized_name":"niagara","website":"https://niagararegion.ca"},
  {"company_name":"Norfolk","normalized_name":"norfolk","website":"https://www.norfolkcounty.ca"},
  {"company_name":"Orillia","normalized_name":"orillia","website":"https://www.orillia.ca"},
  {"company_name":"Ottawa","normalized_name":"ottawa","website":"https://ottawa.ca"},
  {"company_name":"Peel","normalized_name":"peel","website":"https://peelregion.ca"},
  {"company_name":"Pickering","normalized_name":"pickering","website":"https://www.pickering.ca"},
  {"company_name":"Richmond","normalized_name":"richmond","website":"https://www.richmond.ca"},
  {"company_name":"Strathcona","normalized_name":"strathcona","website":"https://www.strathcona.ca"}
]
